{"cameraMode":{"drawMode":0,"name":"Shaded","section":"Shading Mode"},"sceneLighting":true,"audioPlay":false,"sceneViewState":{"m_AlwaysRefresh":false,"showFog":true,"showSkybox":true,"showFlares":true,"showImageEffects":true,"showParticleSystems":true,"showVisualEffectGraphs":true,"m_FxEnabled":true},"in2DMode":false,"pivot":{"x":155.95547485351563,"y":-4.877549648284912,"z":202.34017944335938},"rotation":{"x":-0.2086062729358673,"y":0.03755717724561691,"z":-0.008014480583369732,"w":-0.9772330522537231},"size":183.32278442382813,"orthographic":false}